,snarly#POOFN,cheetahle#NA1,Phantom#1227,bon#szn,krez#bbg,Prose#NA1,Neon#5859,Smylz is Throwin#IWL,klpTOMAHAWK#2800,Slivse#333,BotFear#NA1,talos#kuhn,Alooo#8657,Tacts#6507,kevintnv#7924,Barrett#50CAL,coobs#grail,trixxul#NA1,05 28 MMIV#vcute,daf#jit,tzuyu#san,Goldmannn#VAL,Frost#9587,NoShockAdvised#2265,Pesh#FPS,phoenix#LIL,vitalyy#ttv,SucksToSuck#0001,Effzy#8131,ryhken#000,SUPERSTAR SLAYER#714,Titans#L8r,juicetin#SLUMP,ally#love,mufy#9584,SwiftTaco#6075,Toxic#CSGO,jLb#420,Miao#cuhz,Bobfournumbers#Bob,shes mine#daddy,VelvetThunder#Chdr,Robbie#6901,Wockhardt in my#Soda,wettyhead#yeet,Sparsher#NA1,Master Oogway#jww,Suor Guy#perc,Tokyo#117,jinx#1of1,angel#XXXV,chse#uwu,Skyy#idk,clumsy#chin,DENSE#vee,rion#1611,pretz#ley,AURO#PAIN,Neebz#pho,tender#morgz,vibe#sit,voul#0001,PSR Frostii#GAME,deyydream#00001,her creepy uncle#uwu,Chrollo#1pnt5,Spidercop#3243,greg#000,LEROY#tyy,Firas#0000,Humzhy#647,ZLong#DHS,Xxm1necraftg0dxX#euroh,graphuu#boba,Crunkee#HNTR,VibinRyan#4444,Skeamer176#NYC,garage#OTD,KIN d0n#0don2,iPellegrino#mald,MoKeem#9626,fewsaa#cow,tuk#0000,Johann#3744,Tecly#1300,Lutes#7092,pazzy#001,0  #exe,BM Josegxbo#bini,Flowix#fuzay,ivy#simp,harry#skz,boat conductor#drown,LegenDiwnl#RiGhT,Typhon#SIN,ezra#502,kuzro#ZRO,Obanai#2116,toast#905,MonkeyNuts#1717,datttttttttttttt#aggin,GenZ Clonez#boo,LMT Ratio Man#Ratio,dovs#5401,retrograde#2000,zach#0922,hilly#2588,Miro#virg,daddyharo#169,coffeemaker1#NA1,Whiteout#5207,Saber#7121,Nostradanoe#NA1,sdghid54ikoj24gh#2387,SEANY T#ftw,Nahr Alma#NA1,tummits duo#back,etin#bozo,Hen#0001,voo#8627,MinusOP#NA1,gush#0077,docter headshot#0001,uzi#111,purpLx#888,congas#yum,adobo#2225,415matt#aim,r  #000,Nebula#9226,urban#949,VigiLanT#734,PLR Kyle#SukMe,B1RD#0001,dom#ucr,Statyss#999,Rainstorm#6466,Genius#Nerd,tangalang#owa,sneaky#1968,Gramp#Stamp,GREENmonkey#5273,DEO dozu#LFT,lol#ratio,SUPER GEES#NA1,mayonaize#2546,k 1#1ce,Sxld1er#rager,jAxn#2003,Rayzahs#TTV,RATBOY#Todd,Illusions#999,Kyfoe#Ode,Ace#sin,sari#1337,tegerus#0006,6F Spook#ice,Phore#6969,BL PHON#999,Jamar Mocha#NA1,solitary#1818,Uzui#Huh,oPixay#L1NK,Icarus#Tyler,Sukuna#8211,wavii eats grass#edate,tyckets#pushp,ZN0W#Peace,not smurf#3991,sayo#888,BURG 0nCi#speed,duvud#doy,Stonie#4423,f1ukie#IDOL,hun#pood,kro#1001,RayZ#RayZ,Kaiza#0101,Navid#4815,mju#chose,SoonJ#3509,Karfi#cm360,Volts#5845,fromis9#333,Shockah#TF2,XmanJ#12345,trigger#108,Flop#Disk,Strawbie#0922,Gerry#232,zahu#fps,BibimbapBoi7#NA1,BadAimMatt#0000,sai#1738,MOOOOOOOOOOOOOSE#MOOSE,ok not to be ok#NA1,cdubs#gamer,iluvshoegaze#yoink,monty#00000,Roninmw0#2567,X1 VO7T#Ponta,Guts#9960,Sebtri#3916,Kota#600,Reign#101,DjoleSenti#3012,Killua#HUTER,Strixy#6753,xxue#666,4Shrug#444,Zurg#sx7,Kawaii#Onee,stanman#BAD,cloudy#zzzx,Driph#999,Catlyns Puppy#BabyJ,Rod#cob,Licker#1337,big hamster#ham,karvellz#FRFX,suki#joce,Tofu#1658,ulticas#gio,dannybee#woosh,bleh#0919,Karmic#294,Jiggy#bonk,the big robald#2ez,Bobo Monkey#bob,shady#rit,KIN Solar#xqcL,nesst0#bait,Kamiki#777,SENTFUL#SLIME,C1 Zynx#DVNE,cavali#3993,win4life#ttv,Moral Support#Sammy,Fun#zzz,ILG zoady#7436,maknae#2020,usxsil#5148,DANKZAIN#5818,nxdia#Simp,Jaysito#NA1,vinty#jyk,Foster#LFT,CU spZzZyyy#sleep,fast#6859,Asher#8098,FruitLoops#6331,LazerIcee#2200,4L gabzan#FEG,zerotwoqt#002,TIN#448,Dirty Ducky#LIVE,Crack#hey,RompeToto#5186,Siren#Licks,thecrazymeds#9811,yuse07#ttv,ykciR#88888,Oddity#IDGAF,Cimzz#NA1,WellingtonWimpy#0717,hiking backpack#6217,JGamez#0000,ThatHighBigGuy#3408,Mikado#3202,Camdog939#939,Faces#77777,SR Lorri#nart,Vegaborne#1856,RayLo#0777,BOZO#MILF,cV Blitzz#2813,dior#obj,Exx#123,Crown#2568,Khane#rat,kold#52627,scamvet#wocky,Papa Fish#4661,Jefe#2507,Zynal#STIM,Neo#Edits,ysk#soup,RUCO#RUC0,Purified#3763,Tenady#666,Xotic#1600,uneaseX#mommy,cbands#0000,Winver#8476,Rekt#2911,perseverance#LSW,RAD FIEND#1620,snyduh#2330,NAD#7014,StinkyVandal#0000,sgares#PepoG,hifumi#socks,Holiibeats#Prod,TOKYOPILL#DNB,IcedTea#71879,Crazyjoe1000#NA1,xRuthless#7221,ChriSSSBR00K#8673,SWAG#00000,PAkeR#PAkeR,Slipri#NA1,DexMexGan#NA1,daj0kerz#NA1,juicyporter TTV#4nem,lokeysav#nutty,JAYDN#6ft4,YungZeezer#3038,Rioh#butt,lutsek#000,eutriv#2047,Future Heart#ATL,crouch demon#ratio,dannO#ICE,Dutty#dog,Flip#117,sleoo#6116,OP Honest#iwnl,gregmeister#8422,ubermegaloudpack#pot,UCSD koki#smoke,Pkle#117,FROG#five,GCU Nater#0514,ittybyte#1010,robloxmaster789#9834,Papicam#6401,Astra Agr0#erin,Aus7in#897,vel uv#monke,EL BISHO#RAmb,joe schmoe#swag,LUCKI#smd,Lethila#NA1,i love ivy#ivy,LaFlame#sukme,YuNgWeiNeR69#4KT4L,AceTheShibaInuTV#Toria,nats hoe#btw,TORMENT#AKTSK,COOTER INHALER#6969,Erah#2002,yuukiii#long,pink panther#410,minkmink#mochi,SyCo#Light,DSO Virtue#4Fun,quicky#demon,bmr#val,moo how how#meow,Ozai#Fire,paruhdise#7911,HCE dripp#DnF,boop#818,Ralaxoz#NA1,BrookiesLilSimp#bae,Pooorrr#214,unknown#kbbq,boolios#stink,shoyo#2891,dior#yum,eth#reika,Savy#LSQ,Gozu#6343,I Peak ur Surf#3149,Rithm#Rithm,FREESTYLE#3288,sora#yawn,Kaiyle#PKbf,colorz#6969,Pitchxr#NA1,Shrugger#1120,STR Laeno#6969,VCee#1111,jjg#linds,SimonSJM#6297,Override#9505,Young God#4657,Davey#8103,CIX#Lucky,Female Repellent#huk,prophecy#0321,four#TTV,Kings#P4K,luda#243,DendroZura#Schwi,MOB#PHYSC,SILVI#Na3,keeejan#rawr,SG Sporky#GDN,evaD#4921,3S DORKz#1010,Noot#20XX,sam#twice,Cruvian#idc,Aaron#305,kole#2516,kim#ploo,Lala#caden,THE BIG DOGYEARS#300,SolutionFinder13#booby,BluAims#6969,woo back baby#1111,smile#hurt,Pine#NoAim,Vzk#wrld,Sigmund#Siggy,Cheddar#8841,msu#ntgo,JustYCotton#NA1,passionfruitpapi#relax,Gabe352#GABE,vaqi#VAQI,spite#gug,Jay 2X#Jay2X,3rd Party#0824,VinnietheGenius#BRAIN,InstaLockBrimLOL#ggez,Cut#1111,Turt#slow,SalochiN#1236,casca#222,lil panda#esdea,dante#sadge,Samantha Ton#ABSA,Nickwu#Nicky,EGOLAWNMOWER2100#2331,Zervis#0000,Jaeson #A101,daki#jen,sambae#FPS,VC Page#666,Emotional Damage#cutie,Cya#9260,Fracture#pain,jeji#roro,Rucien#bot,cjframes#1998,Rages1337#NA1,Ryu#LLKN,ploo simp#tier3,Mikasa#Touka,fuggy man#111,strawberryLOL#wummy,Tony#LTG,EhNights#NA1,mind#mald,Dede#0414,M7 rZenu#weeb,Milk#2per,praying4urfall#owo,Haveek#NA1,RidersCA#6447,TT yosivahval#glhf,diellon#0001,hanniel#00000,jivys#1167,AKz#6ix,Nairda#1789,evasionyx#Jonah,variant2#7383,VGG JonnysBU#111,jstn#sad,SR it not han#rain,huntxr#iwnl,utaha#119,Eggie#luvty,jealous boy#ego,jacob satorious#shirt
Rank,Immortal 2,Immortal 2,Immortal 2,Immortal 2,Immortal 2,Immortal 2,Immortal 2,Immortal 2,Immortal 2,Immortal 2,Immortal 2,Immortal 2,Immortal 2,Immortal 2,Immortal 2,Immortal 2,Immortal 2,Immortal 2,Immortal 2,Immortal 2,Immortal 2,Immortal 2,Immortal 2,Immortal 2,Immortal 2,Immortal 2,Immortal 2,Immortal 2,Immortal 2,Immortal 2,Immortal 2,Immortal 2,Immortal 2,Immortal 2,Immortal 2,Immortal 2,Immortal 2,Immortal 2,Immortal 2,Immortal 2,Immortal 2,Immortal 2,Immortal 2,Immortal 2,Immortal 2,Immortal 2,Immortal 2,Immortal 2,Immortal 2,Immortal 2,Immortal 2,Immortal 2,Immortal 2,Immortal 2,Immortal 2,Immortal 2,Immortal 2,Immortal 2,Immortal 2,Immortal 2,Immortal 2,Immortal 2,Immortal 2,Immortal 2,Immortal 2,Immortal 2,Immortal 2,Immortal 2,Immortal 2,Immortal 2,Immortal 2,Immortal 2,Immortal 2,Immortal 2,Immortal 2,Immortal 2,Immortal 2,Immortal 2,Immortal 2,Immortal 2,Immortal 2,Immortal 2,Immortal 2,Immortal 2,Immortal 2,Immortal 2,Immortal 2,Immortal 2,Immortal 2,Immortal 2,Immortal 2,Immortal 2,Immortal 2,Immortal 2,Immortal 2,Immortal 2,Immortal 2,Immortal 2,Immortal 2,Immortal 2,Immortal 2,Immortal 2,Immortal 2,Immortal 2,Immortal 2,Immortal 2,Immortal 2,Immortal 2,Immortal 2,Immortal 2,Immortal 2,Immortal 2,Immortal 2,Immortal 2,Immortal 2,Immortal 2,Immortal 2,Immortal 2,Immortal 2,Immortal 2,Immortal 2,Immortal 2,Immortal 2,Immortal 2,Immortal 2,Immortal 2,Immortal 2,Immortal 2,Immortal 2,Immortal 2,Immortal 2,Immortal 2,Immortal 2,Immortal 2,Immortal 2,Immortal 2,Immortal 2,Immortal 2,Immortal 2,Immortal 2,Immortal 2,Immortal 2,Immortal 2,Immortal 2,Immortal 2,Immortal 2,Immortal 2,Immortal 2,Immortal 2,Immortal 2,Immortal 2,Immortal 2,Immortal 2,Immortal 2,Immortal 2,Immortal 2,Immortal 2,Immortal 2,Immortal 2,Immortal 2,Immortal 2,Immortal 2,Immortal 2,Immortal 2,Immortal 2,Immortal 2,Immortal 2,Immortal 2,Immortal 2,Immortal 2,Immortal 2,Immortal 2,Immortal 2,Immortal 2,Immortal 2,Immortal 2,Immortal 2,Immortal 2,Immortal 2,Immortal 2,Immortal 2,Immortal 2,Immortal 2,Immortal 2,Immortal 2,Immortal 2,Immortal 2,Immortal 2,Immortal 2,Immortal 2,Immortal 2,Immortal 2,Immortal 2,Immortal 2,Immortal 2,Immortal 2,Immortal 2,Immortal 2,Immortal 2,Immortal 2,Immortal 2,Immortal 2,Immortal 2,Immortal 2,Immortal 2,Immortal 2,Immortal 2,Immortal 2,Immortal 2,Immortal 2,Immortal 2,Immortal 2,Immortal 2,Immortal 2,Immortal 2,Immortal 2,Immortal 2,Immortal 2,Immortal 2,Immortal 2,Immortal 2,Immortal 2,Immortal 2,Immortal 2,Immortal 2,Immortal 2,Immortal 2,Immortal 2,Immortal 2,Immortal 2,Immortal 2,Immortal 2,Immortal 2,Immortal 2,Immortal 2,Immortal 2,Immortal 2,Immortal 2,Immortal 2,Immortal 2,Immortal 2,Immortal 2,Immortal 2,Immortal 2,Immortal 2,Immortal 2,Immortal 2,Immortal 2,Immortal 2,Immortal 2,Immortal 2,Immortal 2,Immortal 2,Immortal 2,Immortal 2,Immortal 2,Immortal 2,Immortal 2,Immortal 2,Immortal 2,Immortal 2,Immortal 2,Immortal 2,Immortal 2,Immortal 2,Immortal 2,Immortal 2,Immortal 2,Immortal 2,Immortal 2,Immortal 2,Immortal 2,Immortal 2,Immortal 2,Immortal 2,Immortal 2,Immortal 2,Immortal 2,Immortal 2,Immortal 2,Immortal 2,Immortal 2,Immortal 2,Immortal 2,Immortal 2,Immortal 2,Immortal 2,Immortal 2,Immortal 2,Immortal 2,Immortal 2,Immortal 2,Immortal 2,Immortal 2,Immortal 2,Immortal 2,Immortal 2,Immortal 2,Immortal 2,Immortal 2,Immortal 2,Immortal 2,Immortal 2,Immortal 2,Immortal 2,Immortal 2,Immortal 2,Immortal 2,Immortal 2,Immortal 2,Immortal 2,Immortal 2,Immortal 2,Immortal 2,Immortal 2,Immortal 2,Immortal 2,Immortal 2,Immortal 2,Immortal 2,Immortal 2,Immortal 2,Immortal 2,Immortal 2,KAD Ratio,Immortal 2,Immortal 2,Immortal 2,Immortal 2,Immortal 2,Immortal 2,Immortal 2,Immortal 2,Immortal 2,Immortal 2,Immortal 2,Immortal 2,Immortal 2,Immortal 2,Immortal 2,Immortal 2,Immortal 2,Immortal 2,Immortal 2,Immortal 2,Immortal 2,Immortal 2,Immortal 2,Immortal 2,Immortal 2,Immortal 2,Immortal 2,Immortal 2,Immortal 2,Immortal 2,Immortal 2,Immortal 2,Immortal 2,Immortal 2,Immortal 2,Immortal 2,Immortal 2,Immortal 2,Immortal 2,Immortal 2,Immortal 2,Immortal 2,Immortal 2,Immortal 2,Immortal 2,Immortal 2,Immortal 2,Immortal 2,Immortal 2,Immortal 2,Immortal 2,Immortal 2,Immortal 2,Immortal 2,Immortal 2,Immortal 2,Immortal 2,Immortal 2,Immortal 2,Immortal 2,Immortal 2,Immortal 2,Immortal 2,Immortal 2,Immortal 2,Immortal 2,Immortal 2,Immortal 2,Immortal 2,Immortal 2,Immortal 2,Immortal 2,Immortal 2,Immortal 2,Immortal 2,Immortal 2,KAD Ratio,Immortal 2,Immortal 2,Immortal 2,Immortal 2,Immortal 2,Immortal 2,Immortal 2,Immortal 2,Immortal 2,Immortal 2,Immortal 2,Immortal 2,Immortal 2,Immortal 2,Immortal 2,Immortal 2,Immortal 2,Immortal 2,Immortal 2,Immortal 2,Immortal 2,Immortal 2,Immortal 2,Immortal 2,Immortal 2,Immortal 2,Immortal 2,Immortal 2,Immortal 2,Immortal 2,Immortal 2,Immortal 2,Immortal 2,Immortal 2,Immortal 2,Immortal 2,Immortal 2,Immortal 2,Immortal 2,Immortal 2,Immortal 2,Immortal 2,Immortal 2,Immortal 2,Immortal 2,Immortal 2,Immortal 2,Immortal 2,Immortal 2,Immortal 2,Immortal 2,Immortal 2,Immortal 2,Immortal 2,Immortal 2,Immortal 2,Immortal 2,Immortal 2,Immortal 2,Immortal 2,Immortal 2,Immortal 2,KAD Ratio,Immortal 2,Immortal 2,Immortal 2,Immortal 2,Immortal 2,Immortal 2,Immortal 2,Immortal 2,Immortal 2,Immortal 2,Immortal 2,Immortal 2,Immortal 2
Matches,206 ,108 ,84 ,93 ,96 ,95 ,91 ,136 ,81 ,209 ,151 ,131 ,116 ,238 ,94 ,288 ,117 ,257 ,363 ,141 ,128 ,50 ,74 ,73 ,269 ,125 ,91 ,160 ,239 ,176 ,136 ,159 ,87 ,92 ,356 ,152 ,243 ,127 ,98 ,107 ,132 ,62 ,77 ,112 ,91 ,109 ,148 ,272 ,145 ,164 ,263 ,199 ,146 ,82 ,102 ,76 ,79 ,73 ,82 ,113 ,78 ,134 ,196 ,119 ,85 ,216 ,46 ,68 ,423 ,115 ,150 ,226 ,180 ,196 ,169 ,127 ,213 ,74 ,187 ,131 ,87 ,136 ,172 ,353 ,226 ,128 ,137 ,63 ,63 ,90 ,144 ,147 ,105 ,103 ,331 ,198 ,182 ,145 ,117 ,254 ,139 ,128 ,384 ,63 ,106 ,182 ,130 ,374 ,100 ,182 ,170 ,149 ,154 ,185 ,63 ,43 ,54 ,38 ,77 ,40 ,154 ,179 ,74 ,165 ,143 ,64 ,173 ,125 ,118 ,158 ,95 ,299 ,192 ,132 ,179 ,105 ,171 ,205 ,173 ,143 ,263 ,102 ,203 ,190 ,133 ,72 ,140 ,139 ,346 ,128 ,83 ,58 ,149 ,76 ,165 ,98 ,371 ,98 ,120 ,173 ,136 ,180 ,209 ,264 ,197 ,219 ,229 ,173 ,188 ,139 ,168 ,39 ,152 ,98 ,67 ,77 ,161 ,135 ,91 ,54 ,67 ,166 ,90 ,117 ,108 ,160 ,131 ,61 ,159 ,179 ,273 ,159 ,118 ,276 ,130 ,112 ,68 ,171 ,204 ,218 ,220 ,204 ,266 ,141 ,226 ,202 ,173 ,274 ,48 ,77 ,258 ,102 ,113 ,257 ,51 ,69 ,104 ,110 ,207 ,81 ,285 ,106 ,155 ,139 ,208 ,110 ,136 ,180 ,154 ,151 ,110 ,235 ,99 ,276 ,178 ,354 ,153 ,80 ,116 ,149 ,127 ,107 ,165 ,116 ,221 ,202 ,175 ,209 ,110 ,150 ,90 ,161 ,93 ,146 ,227 ,469 ,102 ,214 ,170 ,193 ,122 ,106 ,233 ,170 ,234 ,180 ,228 ,292 ,51 ,62 ,50 ,62 ,64 ,102 ,179 ,137 ,127 ,382 ,165 ,95 ,182 ,226 ,181 ,346 ,268 ,187 ,152 ,179 ,203 ,89 ,167 ,209 ,175 ,252 ,116 ,61 ,47 ,89 ,118 ,155 ,153 ,70 ,106 ,69 ,81 ,106 ,167 ,251 ,206 ,133 ,107 ,80 ,89 ,179 ,85 ,173 ,202 ,186 ,122 ,159 ,182 ,278 ,197 ,110 ,19 ,125 ,165 ,87 ,56 ,84 ,69 ,127 ,216 ,179 ,84 ,100 ,134 ,202 ,130 ,93 ,133 ,240 ,171 ,229 ,80 ,210 ,116 ,244 ,172 ,64 ,150 ,112 ,170 ,144 ,184 ,176 ,172 ,100 ,209 ,131 ,167 ,164 ,224 ,209 ,241 ,150 ,79 ,79 ,160 ,123 ,113 ,200 ,115 ,194 ,222 ,74 ,222 ,154 ,74 ,99 ,57 ,189 ,163 ,300 ,140 ,192 ,156 ,141 ,195 ,194 ,197 ,144 ,160 ,192 ,95 ,177 ,252 ,157 ,66 ,183 ,66 ,84 ,262 ,86 ,54 ,263 ,164 ,100 ,179 ,118 ,99 ,138 ,145 ,113 ,152 ,237 ,84 ,137 ,132 ,140 ,177 ,164 ,207 ,335 ,132 ,105 ,193 ,179 ,203 ,103 ,43 ,47 ,70 ,74 ,109 ,75 ,102 ,143 ,64 ,111 ,255 ,48 ,65 ,233 ,50 ,112 ,115 ,84 ,273 ,142 ,85 ,124 ,133 ,260 ,94 ,191 ,112 ,295 ,188 ,189 ,168 ,327 ,251 ,190 ,132 ,65 ,50 ,105 ,208 ,111 ,105 ,138 ,74 ,74 ,282 ,201 ,252 ,121 
Wins,90,54,45,49,52,50,48,66,44,109,80,70,58,123,52,151,61,131,193,78,73,28,37,38,137,57,43,81,119,86,68,83,49,53,182,74,124,67,52,57,64,38,48,60,53,59,84,135,75,82,127,107,80,40,45,37,40,39,39,57,43,69,94,65,46,112,32,42,209,62,76,123,107,102,91,69,110,52,94,70,53,74,97,177,121,73,91,33,30,38,65,67,55,56,161,100,87,77,61,128,72,69,194,38,57,96,67,181,53,91,94,82,85,101,29,23,28,25,37,29,72,82,42,84,64,38,81,65,64,79,48,146,97,64,87,54,93,96,88,83,131,56,111,103,70,45,79,80,172,71,44,33,71,38,86,49,187,53,66,91,70,97,115,121,108,123,123,93,107,76,93,24,66,47,36,43,81,64,47,34,38,89,44,54,54,89,65,36,82,96,141,79,61,148,67,58,42,87,103,116,102,102,141,74,114,116,93,151,31,38,124,51,55,127,29,42,55,57,108,44,143,56,72,73,114,58,70,102,81,79,57,131,59,136,96,177,66,39,53,71,61,56,85,62,94,96,89,104,58,77,50,83,49,74,116,231,56,112,90,101,70,61,126,92,136,99,119,155,25,33,31,33,35,60,88,74,64,203,88,52,90,119,99,174,126,95,77,98,115,61,90,113,91,131,60,25,25,41,60,82,69,38,53,38,44,60,80,129,110,74,58,44,48,87,45,83,99,100,67,84,101,143,100,61,10,68,85,37,30,40,36,56,104,85,45,55,61,98,70,51,66,120,81,119,45,96,61,124,81,38,81,59,94,76,91,89,87,51,107,71,92,89,113,111,130,86,39,42,73,59,54,101,54,104,112,39,104,81,42,51,39,96,85,151,76,101,87,71,94,105,95,70,87,100,53,102,132,85,33,83,36,50,131,46,34,129,86,49,91,64,50,72,78,60,82,139,51,77,70,82,97,86,100,169,70,63,117,100,112,60,24,25,39,38,59,40,45,65,34,54,118,31,39,118,30,60,55,49,134,72,48,63,71,128,51,94,61,145,85,96,87,174,127,100,70,30,28,51,102,60,53,65,39,41,136,100,118,64
Kills,3310,1461,1249,1415,1578,1240,1379,2070,1156,3282,2728,1882,1691,3881,1192,4756,1960,4229,6079,2244,1884,769,1193,1178,4306,2306,1420,2037,3803,2598,2164,2673,1246,1213,6072,2486,4153,1978,1540,1902,2094,1153,1039,1792,1447,1687,2244,4452,2538,2765,4098,3445,2498,1359,1517,1306,1170,1073,1123,1816,1325,2198,2828,1851,1400,3114,855,1136,6861,2001,2151,3341,3118,3293,2178,1988,3258,1231,2944,1780,1515,2286,3036,5985,4087,2133,3061,1126,880,1363,2385,2380,1659,1316,5222,3371,3105,2457,1586,4571,2513,2237,6458,1183,1505,3157,1960,5990,1535,2942,2139,2567,2256,3045,1156,708,762,523,1118,830,2585,2980,1238,2505,2401,1131,2780,2257,2007,2181,1437,4437,2875,2183,2563,1685,2730,2744,2668,2432,4118,1793,3228,3045,2434,1380,2300,1971,5379,1879,1240,922,2126,1266,2370,1607,6275,1666,1732,2708,1985,2992,3787,4367,2969,3585,3422,2691,3350,2255,2787,642,2105,1937,1191,1348,2873,1923,1535,810,1059,2677,1382,2076,1470,2667,2013,970,2580,2617,3987,2556,2080,4629,2115,1863,1153,2647,2867,3173,3574,2953,4225,2455,3220,2842,2952,4563,965,1186,4098,1437,1641,3756,723,1532,1618,1476,3296,1309,4877,1477,2084,1979,3670,1627,2265,3029,2494,2279,1736,3572,1589,4167,2656,4963,2487,1028,2105,2342,1888,1634,2833,1809,3691,3415,3082,3303,1759,2161,1338,2452,1285,2294,3631,7257,1757,3354,2830,2750,1790,1678,3862,2625,3334,3346,3308,4329,819,973,816,1051,928,1850,2893,2172,2192,6012,2396,1499,2464,3838,2508,5109,4795,3043,2342,2973,3272,1365,2888,3480,2853,4074,1867,970,780,1395,1854,2377,2186,1095,1832,1077,1524,1583,2440,3867,3724,2334,1469,1282,1552,2945,1298,2847,3208,2685,2051,2665,2745,4747,3070,1838,98,1921,2485,1080,809,1226,1024,1863,3716,2757,1427,1806,2344,3142,2261,1555,2079,3643,2898,3546,1280,3886,1801,3985,2795,1022,2169,2020,2514,2463,2788,2717,2856,1832,3582,1857,2784,2753,3341,3136,4044,2473,1240,1206,2365,2063,1760,3257,1721,3447,3315,1331,3589,2310,1005,1415,910,3015,2609,4776,2077,3095,2453,2029,2831,2848,2883,2051,2543,3161,1445,2839,4351,2337,942,2384,970,1670,3838,1444,801,3832,2350,1453,2859,1416,1489,2360,2129,1744,2077,3579,1417,2054,1934,2159,3243,2388,2860,5621,1825,1849,3273,3064,3279,1681,715,809,1072,1288,1949,1060,1506,2322,1044,1655,4129,761,1106,3981,810,1644,2251,1282,4376,2074,1386,1965,2339,3952,1323,2802,1520,4484,3069,3296,2535,4352,3924,3528,1969,1120,769,1534,3319,1755,1718,2001,1180,1139,4370,2644,4453,1810
Headshots,2434,1095,819,860,1102,816,862,1110,634,2147,2022,996,960,2727,791,3143,1262,2542,3204,1420,1111,442,649,812,2918,1684,833,984,2500,1962,1198,1850,749,687,4157,1723,2278,1048,1040,1348,1245,800,648,1230,921,1253,1321,3103,1637,2069,2942,2245,1745,1117,929,960,800,586,766,1261,916,1561,1889,1052,1034,1658,448,743,4481,1384,1598,2297,2231,2403,1395,1183,2442,834,1604,1178,994,1377,2163,3812,2953,1363,2108,755,640,1048,1641,1469,1061,701,3609,2255,1965,1477,983,3146,1499,1534,4667,768,800,2271,1358,2949,995,2022,1196,1870,1658,1947,691,439,496,354,730,526,1869,2311,866,1903,1669,664,1725,1582,1314,1350,1083,2887,2053,1487,1445,1210,1711,1520,1802,1349,2648,973,2158,2194,1627,871,1414,1226,3645,1184,669,612,1439,690,1624,1077,4003,937,1204,1556,1251,1891,2412,3113,1888,2439,2372,1838,2042,1394,1741,484,1271,1189,782,913,1626,1021,1134,533,592,1875,868,1377,999,1851,1422,633,1444,1563,2314,1477,1399,2834,1223,1152,681,1735,1790,2327,2638,1847,2433,1548,1929,1583,2219,2524,620,840,2604,1006,927,2721,400,1135,1210,848,1899,744,3255,1030,1512,1252,2394,917,1510,1975,1658,1257,1055,2330,1122,2817,1460,3201,1682,690,1630,1715,1311,998,2123,1394,2699,2029,2007,1729,1258,1382,873,1397,947,1122,2139,5028,1153,1271,1150,1890,1028,1025,2124,1508,2042,1361,2068,2138,467,565,539,709,582,1295,1522,1528,1780,4197,1358,1163,1450,2560,1663,2969,3288,1836,1627,1889,1759,681,1696,2541,1602,2699,1247,652,434,988,1193,1626,1169,765,1596,665,1065,941,1768,2460,2299,1295,816,819,867,1802,651,1518,1962,1762,1319,1978,1811,3077,2171,1034,56,1157,1425,660,489,896,638,1211,2342,1733,1037,915,1705,1815,1369,1061,1294,2626,1868,2187,934,2631,918,2579,1713,661,1258,1403,1904,1241,1597,1669,2112,1249,2345,952,1802,1990,2053,1914,2793,1640,884,797,1858,1389,1223,2050,734,2015,2154,754,2393,1568,501,814,521,2480,1567,2949,1308,2138,1411,1177,1332,2086,1590,1315,1743,1704,745,1906,2807,1485,492,1486,562,1074,2458,1134,552,2430,1420,927,1622,819,957,1311,1272,1160,1223,2018,898,1245,1133,1284,2382,1526,2063,3867,1159,1044,2326,2132,2142,1230,438,552,605,893,1091,644,1072,1381,678,1244,2358,502,675,1707,423,1004,1278,603,2451,1477,889,1149,1271,2721,973,1904,1039,3302,1917,2490,1574,3010,2331,2490,1139,868,520,841,1672,1043,1013,1115,688,776,2836,1959,2723,1341
Deaths,3265,1678,1256,1328,1545,1445,1290,2171,1197,3046,2463,1827,1714,3615,1429,4540,1739,4081,5908,2055,1890,788,1057,984,4084,2028,1331,2258,3970,2395,2088,2482,1196,1299,6073,2282,3977,1981,1419,1663,1935,993,1090,1769,1410,1524,2258,4225,2216,2448,3934,3313,2127,1189,1603,1061,1193,1105,1210,1793,1268,2108,2968,1854,1172,3211,719,968,6476,1731,2287,3418,2815,3285,2429,1827,3162,1087,2663,1849,1390,2117,2671,5765,3668,1966,2200,997,926,1518,2343,2284,1684,1500,4806,3278,2985,2054,1785,4005,2252,2202,6143,971,1468,2896,1947,5642,1631,3068,2476,2328,2406,2929,1056,623,784,597,1077,553,2493,2591,1123,2466,2248,940,2543,1972,1762,2361,1329,4528,2681,2132,2728,1735,2616,3150,2665,2192,4046,1524,3229,2838,2013,1099,2033,2015,5176,1856,1281,870,2319,1113,2509,1490,5898,1516,1789,2698,2061,2870,3297,4304,3173,3179,3239,2429,2784,2059,2570,578,2184,1722,984,1146,2530,1989,1404,860,1012,2578,1521,1768,1676,2505,1868,926,2349,2494,4263,2266,1944,4268,2127,1800,953,2810,3134,3387,3412,3250,4166,2379,3720,3154,2904,4299,787,1251,4176,1555,1736,3978,752,1016,1486,1522,3339,1195,4475,1461,2368,2068,3112,1609,2147,2766,2310,2245,1736,3714,1453,4392,2562,5188,2348,1208,1884,2293,1892,1572,2599,1821,3654,3206,2803,3291,1627,2292,1372,2508,1409,2165,3928,7846,1555,3012,2381,3091,2038,1570,3318,2560,3558,2918,3381,4246,808,949,702,965,863,1513,2918,2044,2102,6180,2405,1409,2724,3786,2801,5400,4729,3070,2453,2812,3132,1155,2468,3254,2722,3935,1761,934,704,1329,1854,2409,2224,1214,1449,992,1427,1525,2443,3891,3237,2007,1528,1169,1385,2671,1250,2753,3225,2583,1944,2599,2717,4597,3132,1692,85,1997,2588,1245,933,1195,984,1824,3327,2721,1292,1356,2321,2805,1869,1404,2072,3677,2814,3617,1171,3342,1635,4117,2531,959,2214,1892,2596,2255,2666,2864,2641,1590,3619,2158,2519,2787,3093,2981,3613,2342,1216,1103,2541,2024,1730,2870,1852,3307,3402,1134,3548,2367,1070,1486,736,2851,2503,4516,2095,3053,2164,2095,3051,2954,3159,2106,2380,2958,1408,2670,3967,2422,1007,2739,1017,1113,4156,1347,781,4055,2583,1367,2644,1794,1503,2126,2084,1749,2178,3576,1067,2043,1959,2162,2860,2548,3210,5184,1915,1704,3058,2830,2738,1559,627,723,1075,1175,1816,1121,1482,2236,1003,1664,4079,734,970,3744,732,1465,1798,1274,4207,2077,1348,1827,1947,4243,1387,2790,1633,4525,2935,2971,2466,4846,3992,3246,1755,1047,675,1616,3246,1683,1306,2106,1014,1080,4709,2994,4216,1817
Assists,876,603,395,585,467,566,468,595,570,843,543,692,637,1108,567,1400,374,1423,1480,467,705,242,459,383,1671,530,550,1041,1125,829,657,732,508,695,1617,588,1044,784,637,441,792,444,449,464,441,603,750,1310,542,675,1358,810,709,511,461,363,408,349,499,395,308,500,1075,770,488,1332,186,325,1753,637,643,1053,788,636,1032,810,1287,467,723,562,320,577,642,2113,834,463,583,231,389,414,637,687,467,511,1887,899,980,652,754,1078,485,530,1515,217,715,751,511,1499,438,1097,916,687,872,775,278,229,211,153,412,218,557,611,336,723,583,294,990,530,362,628,424,1936,1039,536,800,453,844,1430,823,732,1016,483,865,749,542,301,643,853,1700,524,475,296,855,455,946,407,1676,440,641,855,636,749,804,1218,844,1016,1309,1150,959,718,708,181,816,348,301,407,664,930,453,353,350,1036,432,566,559,839,750,261,936,953,1415,593,483,1539,583,636,425,928,1159,953,853,877,1525,557,1353,1496,673,1336,231,418,1238,601,664,1136,220,375,501,691,1010,527,1022,540,942,708,867,626,722,763,718,1044,431,1377,489,1368,1208,1927,757,447,385,617,658,624,637,554,958,871,722,780,598,898,453,788,473,606,1011,2590,567,879,658,1065,717,404,1238,1005,1235,738,913,1775,220,325,305,264,316,412,862,764,518,1769,883,468,1195,880,1212,2053,1173,775,630,915,1209,545,675,821,878,1219,647,365,231,481,662,765,972,218,403,390,373,750,856,1039,1032,720,487,501,335,646,477,994,1119,1007,463,588,1148,1202,887,499,19,694,807,526,382,441,413,465,870,1250,423,487,628,1147,458,348,597,1015,757,1285,390,758,651,1039,749,258,773,527,757,517,1000,658,709,470,903,652,611,636,1158,1246,1279,653,380,366,781,578,405,957,491,625,1055,275,865,598,311,560,443,752,703,1742,791,911,895,896,1075,968,1191,678,780,961,530,1053,1134,928,554,1338,363,386,1349,310,308,1421,968,505,919,783,541,641,799,447,840,1378,453,871,732,702,724,839,1021,1495,698,415,1162,808,1041,633,237,157,301,376,781,465,532,581,299,601,1371,161,250,1028,279,452,418,343,1247,679,368,731,391,1478,445,1117,515,1176,937,608,821,1480,1413,764,522,266,260,549,1180,503,703,682,385,344,1132,1198,709,501
Score/Round,217.6,182.1,199.8,205.5,235.8,179.8,205.5,214.2,195.0,207.6,236.7,199.6,198.9,213.3,175.5,223.3,227.3,224.7,223.4,216.4,205.3,208.9,206.7,224.3,211.6,252.5,216.5,178.2,220.3,204.6,217.4,233.3,196.1,180.2,233.8,222.6,231.3,215.1,212.2,234.7,214.8,249.3,185.2,224.8,205.2,201.5,206.2,227.8,233.5,218.8,208.7,235.5,231.9,222.2,201.3,228.4,205.5,201.9,191.4,216.5,218.4,213.1,199.2,209.7,224.7,195.9,241.7,231.9,213.2,235.7,188.4,199.6,234.6,228.2,173.5,212.1,206.9,220.2,210.1,175.4,228.2,227.9,235.7,238.5,241.7,221.3,299.3,237.5,186.5,202.0,224.4,227.4,213.3,176.9,208.4,238.9,231.2,236.2,177.3,244.0,239.2,237.0,215.8,243.4,199.4,235.0,193.4,214.6,209.1,219.5,182.0,220.7,199.5,221.7,242.2,217.8,202.0,188.2,200.7,271.1,236.1,219.1,219.7,203.1,223.0,238.8,214.3,237.8,233.9,189.5,202.7,205.0,197.4,229.1,194.8,219.4,228.0,192.8,217.5,230.4,205.5,238.5,216.7,216.4,247.3,261.5,219.7,193.1,208.9,189.5,201.7,207.5,197.1,228.2,191.4,230.7,228.8,230.2,205.8,213.8,191.9,233.3,239.1,218.2,207.6,216.1,197.2,211.9,250.8,219.3,215.3,224.8,187.2,259.8,236.5,229.5,239.2,198.2,226.3,192.3,215.4,214.0,204.3,233.8,189.0,219.8,208.9,223.5,225.8,198.7,198.1,216.6,237.8,230.2,212.4,226.3,224.4,209.3,188.6,187.9,221.4,195.7,216.8,235.6,200.0,189.2,230.7,224.4,265.2,217.7,210.7,186.3,197.8,199.0,202.4,302.3,200.1,176.0,223.7,210.8,240.6,195.3,181.6,188.7,227.5,213.1,232.5,229.6,220.2,207.6,216.2,205.6,218.3,203.8,203.9,181.5,217.9,172.4,242.0,213.1,200.0,212.5,236.8,213.5,226.4,224.5,238.6,217.3,210.9,194.5,209.4,203.8,186.3,216.8,213.0,213.2,225.6,211.3,222.5,193.7,202.0,225.8,221.4,216.4,193.4,247.0,197.4,201.3,209.7,201.2,229.7,222.6,198.2,253.8,214.6,209.3,232.4,212.0,196.9,212.2,189.1,236.9,184.4,206.3,248.9,225.1,213.6,225.1,225.9,213.2,231.8,223.6,216.4,214.1,211.7,209.5,233.5,210.4,206.3,209.4,197.1,215.3,224.4,207.2,246.7,207.7,197.8,211.0,249.5,248.8,187.4,207.9,232.6,221.7,206.6,225.9,221.1,194.4,225.6,224.7,208.2,234.7,215.2,224.1,233.0,216.8,205.8,172.6,196.9,196.5,202.7,199.2,235.6,210.2,223.6,235.5,241.5,213.9,230.3,221.1,215.7,205.0,235.8,210.9,212.9,247.8,211.4,226.3,210.7,221.8,201.2,242.1,196.5,240.5,207.0,217.4,215.8,254.5,236.9,194.7,228.1,224.2,202.7,200.0,222.0,218.2,213.1,210.1,198.8,223.4,207.8,218.4,209.2,245.0,199.3,238.8,215.4,203.6,182.9,197.7,220.9,218.1,219.2,212.1,198.8,217.0,218.1,204.8,200.5,195.1,206.3,193.8,209.0,213.3,215.5,214.5,237.9,205.4,202.4,174.5,207.2,300.7,195.2,226.8,201.4,196.6,200.9,195.5,222.7,163.7,210.8,219.2,202.9,212.0,184.2,205.5,227.1,212.6,200.5,211.9,254.4,197.2,185.2,230.4,184.5,245.0,230.0,234.2,216.6,224.3,224.1,238.1,211.0,236.3,248.9,193.6,198.4,220.7,222.3,186.1,220.6,211.1,233.0,229.8,223.5,195.5,258.6,207.9,217.1,202.1,223.3,217.7,227.6,205.1,188.0,202.8,187.2,204.1,223.3,226.2,214.4,185.9,217.5,251.7,231.7,233.5,207.3,213.0,225.0,226.3,218.2,204.3,208.2,198.7,210.2,175.2,235.7,204.8
Kills/Round,0.8,0.6,0.7,0.7,0.8,0.6,0.7,0.7,0.7,0.7,0.8,0.7,0.7,0.8,0.6,0.8,0.8,0.8,0.8,0.8,0.7,0.7,0.7,0.8,0.8,0.9,0.8,0.6,0.8,0.7,0.8,0.8,0.7,0.6,0.8,0.8,0.8,0.7,0.7,0.8,0.7,0.8,0.7,0.8,0.7,0.7,0.7,0.8,0.8,0.8,0.7,0.8,0.8,0.8,0.7,0.8,0.7,0.7,0.7,0.8,0.8,0.8,0.7,0.7,0.8,0.7,0.8,0.8,0.8,0.8,0.7,0.7,0.8,0.8,0.6,0.8,0.7,0.8,0.7,0.6,0.8,0.8,0.8,0.8,0.8,0.8,1.0,0.8,0.7,0.7,0.8,0.8,0.7,0.6,0.8,0.8,0.8,0.8,0.6,0.8,0.8,0.8,0.8,0.9,0.7,0.8,0.7,0.8,0.7,0.8,0.6,0.8,0.7,0.8,0.8,0.8,0.7,0.7,0.7,1.0,0.8,0.8,0.8,0.7,0.8,0.8,0.8,0.8,0.8,0.7,0.7,0.7,0.7,0.8,0.7,0.8,0.8,0.6,0.7,0.8,0.7,0.8,0.8,0.8,0.9,0.9,0.8,0.7,0.7,0.7,0.7,0.7,0.7,0.8,0.7,0.8,0.8,0.8,0.7,0.7,0.7,0.8,0.8,0.8,0.7,0.8,0.7,0.7,0.8,0.8,0.8,0.8,0.7,0.9,0.8,0.8,0.8,0.7,0.8,0.7,0.8,0.7,0.7,0.8,0.7,0.8,0.7,0.8,0.8,0.7,0.7,0.8,0.8,0.8,0.7,0.8,0.8,0.7,0.7,0.7,0.8,0.7,0.8,0.8,0.7,0.7,0.8,0.8,0.9,0.7,0.7,0.7,0.7,0.7,0.7,1.0,0.7,0.6,0.8,0.7,0.8,0.7,0.6,0.7,0.8,0.7,0.8,0.8,0.8,0.7,0.8,0.7,0.8,0.7,0.7,0.7,0.8,0.6,0.9,0.8,0.7,0.7,0.8,0.8,0.8,0.8,0.8,0.8,0.7,0.7,0.7,0.7,0.7,0.8,0.7,0.7,0.8,0.8,0.8,0.7,0.7,0.8,0.8,0.7,0.7,0.8,0.7,0.7,0.7,0.7,0.8,0.8,0.7,0.9,0.7,0.7,0.8,0.7,0.7,0.8,0.6,0.8,0.6,0.7,0.8,0.8,0.7,0.8,0.8,0.8,0.8,0.8,0.8,0.8,0.7,0.7,0.8,0.7,0.7,0.7,0.7,0.7,0.8,0.7,0.8,0.7,0.7,0.7,0.9,0.8,0.7,0.7,0.8,0.8,0.7,0.8,0.8,0.7,0.8,0.8,0.7,0.8,0.7,0.8,0.9,0.7,0.7,0.6,0.7,0.7,0.7,0.7,0.8,0.7,0.8,0.9,0.8,0.8,0.8,0.8,0.7,0.7,0.8,0.7,0.8,0.9,0.7,0.8,0.8,0.8,0.7,0.8,0.7,0.8,0.7,0.7,0.8,0.9,0.8,0.7,0.8,0.8,0.7,0.7,0.8,0.8,0.8,0.7,0.7,0.8,0.7,0.8,0.7,0.8,0.7,0.8,0.8,0.7,0.7,0.7,0.8,0.8,0.8,0.7,0.7,0.8,0.8,0.7,0.7,0.7,0.7,0.7,0.8,0.8,0.7,0.8,0.8,0.7,0.7,0.6,0.7,1.0,0.7,0.8,0.7,0.7,0.7,0.7,0.8,0.6,0.7,0.8,0.7,0.7,0.6,0.7,0.8,0.7,0.7,0.7,0.9,0.7,0.7,0.8,0.7,0.8,0.8,0.8,0.8,0.8,0.8,0.8,0.7,0.8,0.8,0.7,0.7,0.8,0.8,0.7,0.8,0.8,0.8,0.8,0.8,0.7,0.9,0.7,0.8,0.7,0.8,0.8,0.8,0.7,0.7,0.7,0.7,0.7,0.8,0.8,0.7,0.6,0.7,0.9,0.8,0.8,0.7,0.7,0.8,0.8,0.8,0.7,0.7,0.7,0.7,0.6,0.8,0.7
First Bloods,563,161,134,107,320,139,174,428,79,258,449,214,182,360,115,724,319,603,1004,287,235,114,122,126,433,422,147,174,697,257,314,426,100,100,1292,311,731,276,147,256,192,139,117,295,161,148,334,720,451,268,412,648,323,129,221,144,184,134,119,345,173,360,324,140,147,305,118,158,843,250,211,423,523,560,148,194,304,108,360,143,292,318,497,913,744,336,547,175,80,185,401,403,263,134,500,634,512,316,104,662,415,472,883,199,101,497,219,861,245,461,257,289,308,443,144,91,109,70,126,110,524,357,169,245,358,149,282,310,294,365,121,503,294,478,279,312,523,313,418,314,537,267,512,451,391,262,305,192,717,207,109,92,285,123,282,277,880,276,227,444,239,571,485,666,503,406,262,264,498,266,396,65,228,393,129,160,522,198,239,90,168,283,247,242,172,319,187,183,324,261,533,362,296,768,332,303,149,324,325,329,532,461,544,463,460,243,580,623,156,165,459,114,189,589,141,267,123,88,615,99,907,106,268,161,429,221,294,519,319,257,328,362,253,605,203,346,324,93,336,355,221,143,626,296,639,526,486,633,196,229,208,332,144,289,743,1487,197,530,485,417,251,270,407,356,399,630,355,439,113,86,107,155,79,270,410,176,354,917,235,174,265,853,260,693,971,596,475,460,400,163,373,507,435,535,186,102,116,167,187,314,226,269,189,117,289,158,244,575,653,346,154,116,290,480,176,417,503,209,346,362,347,839,518,299,15,290,365,90,121,155,111,229,624,347,180,241,441,253,298,248,273,542,525,573,149,757,188,744,274,163,262,331,284,549,353,614,391,350,720,300,496,535,395,217,411,338,146,146,331,279,259,352,257,816,398,228,580,428,81,156,64,369,368,533,188,418,232,289,382,333,388,251,262,362,214,328,778,266,117,155,131,309,454,190,65,516,274,116,446,126,172,287,249,334,183,436,127,217,220,292,635,282,301,1004,175,365,491,516,307,268,66,111,158,197,329,131,166,334,166,180,646,117,170,661,105,132,345,203,583,215,262,231,286,487,121,245,211,587,467,580,398,676,599,783,284,181,53,170,615,266,130,246,106,122,704,238,1054,240
Aces,6,1,1,1,4,0,3,5,1,8,8,2,2,6,2,6,4,5,10,1,0,2,0,1,4,8,2,0,5,1,3,0,1,0,11,5,8,1,1,3,3,7,0,5,3,1,4,11,1,3,7,10,3,2,1,3,1,0,2,0,0,1,1,1,1,1,0,3,17,3,3,3,4,4,3,2,4,2,5,0,3,6,4,11,6,5,12,2,1,2,3,6,2,0,8,7,6,8,2,11,6,3,16,1,2,7,2,9,2,2,2,7,3,5,0,0,0,2,0,1,3,2,4,6,2,2,1,4,2,1,2,2,4,3,0,2,7,1,6,5,8,3,10,3,6,4,5,2,7,1,1,0,1,2,2,2,9,3,2,1,1,7,3,6,7,2,1,2,6,1,3,1,0,4,1,3,6,2,1,2,2,2,3,11,1,4,3,2,2,2,5,3,4,10,2,4,0,2,2,1,5,4,2,8,1,1,11,4,1,1,8,2,3,12,0,7,0,1,1,0,13,2,1,0,6,2,7,6,5,1,0,6,3,7,1,4,5,0,5,7,2,1,5,3,6,7,9,7,2,1,0,0,2,1,6,13,2,5,4,5,1,4,4,4,4,7,2,5,0,0,1,2,0,5,4,4,6,9,2,3,0,11,2,3,13,5,4,6,2,0,6,4,5,8,3,1,1,1,1,2,3,1,6,2,3,0,2,1,10,5,0,0,1,2,1,4,6,2,4,5,2,15,3,0,0,0,4,1,0,1,0,5,5,1,2,3,8,1,7,2,2,6,7,8,2,6,2,11,2,2,4,9,5,6,1,9,3,1,10,2,3,4,3,2,5,0,1,0,2,2,1,9,1,12,1,3,6,2,1,2,0,5,2,6,2,4,2,2,4,4,3,1,4,3,0,5,11,4,1,1,3,10,5,4,1,3,4,2,3,2,3,8,0,0,2,1,1,1,0,5,9,2,2,8,0,5,6,8,7,2,0,1,3,2,0,0,5,5,1,1,11,1,2,5,0,2,4,2,4,0,0,2,4,2,2,3,0,6,9,2,3,2,7,9,3,2,0,1,6,4,1,2,1,1,8,2,10,4
Clutches,294,153,128,126,159,144,108,196,107,295,239,168,134,336,149,435,186,413,544,196,203,71,94,101,371,187,125,217,401,190,196,271,116,140,630,192,381,191,101,160,175,112,106,171,115,107,241,366,222,218,388,304,198,86,141,78,112,94,113,176,144,184,270,188,105,276,81,91,597,156,212,330,283,353,231,164,328,132,242,162,130,205,259,583,373,226,217,92,90,168,240,234,151,152,394,342,277,170,153,355,222,221,598,86,138,296,176,489,158,310,230,233,229,279,93,58,83,67,92,49,226,232,114,242,182,91,204,176,170,220,117,421,222,210,248,192,279,278,272,212,372,143,342,263,201,104,180,196,480,172,125,90,221,107,234,122,531,148,204,295,198,319,319,424,351,311,310,223,252,179,284,62,197,151,89,121,233,165,130,97,91,263,154,142,176,259,168,84,213,194,396,199,184,411,202,187,90,289,269,325,306,305,418,237,402,347,275,392,98,130,385,165,154,363,71,95,145,122,349,119,400,150,233,204,288,154,218,255,234,200,169,378,137,446,239,469,195,125,179,212,164,143,238,169,326,346,253,320,155,231,143,250,139,205,419,776,127,284,195,293,213,163,307,230,349,294,327,360,71,89,69,102,88,141,253,187,202,629,246,103,251,404,268,564,450,287,244,275,342,116,218,312,254,358,161,72,72,109,194,249,176,146,134,85,155,134,235,369,324,197,150,84,143,241,118,256,305,229,194,275,239,438,285,161,11,211,256,123,92,80,94,150,310,215,128,114,213,221,166,162,203,359,253,369,125,297,135,390,199,86,226,191,258,232,229,272,266,133,367,232,262,274,252,268,316,244,116,102,234,183,167,265,172,355,326,105,314,221,97,132,79,280,249,446,199,308,185,207,308,287,278,214,248,298,144,214,413,236,92,241,100,119,409,119,89,401,285,121,260,190,163,195,209,168,224,347,93,233,179,193,264,251,318,474,164,175,320,266,216,155,63,68,108,108,159,90,113,207,86,129,387,75,100,341,88,119,166,119,426,167,158,147,213,431,108,249,155,396,284,254,199,450,383,278,179,104,62,157,289,151,93,175,99,109,456,291,414,187
Flawless,179,100,70,89,76,79,98,94,82,169,112,97,94,173,81,240,108,215,341,127,117,31,64,68,210,85,85,142,172,180,120,136,89,100,319,120,193,96,109,105,114,67,72,104,86,119,131,235,124,160,229,184,118,83,83,71,77,55,73,103,70,110,133,114,76,211,43,65,407,105,125,195,172,166,129,139,195,98,178,133,65,114,160,288,234,122,133,46,58,69,109,125,93,91,285,167,167,121,106,246,82,108,336,65,89,147,111,305,85,141,162,136,133,178,48,32,63,49,66,39,134,162,73,146,118,52,157,103,118,133,101,256,194,89,152,95,152,175,169,132,230,110,175,173,125,57,126,111,326,120,86,69,116,68,166,76,319,80,100,169,154,142,172,211,155,172,206,145,159,130,160,37,150,66,57,68,150,116,93,51,60,147,79,94,78,114,136,53,161,153,211,124,103,254,104,101,59,162,195,177,203,173,237,114,184,194,149,244,30,50,195,103,100,185,54,77,97,107,154,72,248,99,134,127,207,98,102,176,140,139,97,199,113,255,163,299,121,52,110,117,109,88,170,107,157,173,129,162,110,146,79,137,87,126,184,368,88,193,174,152,107,107,207,163,208,160,187,284,36,51,53,37,51,99,132,119,93,335,134,88,136,175,166,262,219,177,96,172,175,110,131,181,147,217,106,42,49,56,115,149,133,73,104,54,49,88,153,189,200,135,85,93,99,190,85,130,167,168,103,131,184,229,179,105,3,99,130,77,51,51,73,95,188,139,71,100,110,193,124,92,98,208,128,187,68,185,97,200,151,45,137,95,158,131,135,162,152,85,157,85,162,133,226,195,241,143,75,69,115,91,83,184,97,168,155,67,162,127,62,83,59,166,157,288,135,170,154,146,153,167,195,149,149,175,79,150,228,139,67,127,72,127,200,82,53,273,119,91,171,101,85,114,151,101,163,207,77,128,121,113,177,145,153,326,130,92,178,153,224,113,48,34,65,61,90,61,88,136,61,108,213,35,43,222,44,93,110,68,229,157,73,104,116,220,82,186,101,223,149,187,151,311,209,166,228,46,51,92,164,94,136,125,63,60,205,178,188,107
Most Kills (Match),31,24,27,32,38,26,29,31,26,34,41,27,32,33,29,33,30,33,33,29,31,28,32,31,32,38,26,23,32,33,32,34,33,25,36,36,33,29,33,32,30,32,23,33,27,32,29,35,33,33,32,36,31,29,41,41,30,28,31,34,28,30,30,27,32,33,30,36,34,32,28,28,36,30,31,33,30,26,39,35,29,36,34,41,33,43,42,31,28,29,31,41,31,25,35,37,41,33,32,39,31,33,34,41,31,36,27,30,27,34,25,32,28,29,37,33,26,20,27,30,33,34,34,33,36,31,29,37,30,27,30,36,36,34,29,30,36,25,28,37,34,36,36,39,38,34,38,27,37,28,26,30,30,30,30,28,34,33,26,29,32,33,35,34,26,29,29,31,34,34,30,41,27,36,31,31,34,25,36,26,31,31,30,38,26,35,31,29,30,32,37,30,31,35,30,36,32,30,28,28,33,32,30,30,29,27,31,37,33,32,32,29,27,33,27,36,27,24,34,37,37,29,31,28,40,27,30,31,32,30,30,35,30,32,30,36,34,30,33,30,28,29,31,28,33,35,35,34,36,28,35,37,29,36,36,34,35,36,35,32,31,33,37,38,30,36,29,35,28,29,34,28,36,33,39,30,33,33,27,37,30,37,28,37,45,34,36,30,28,28,37,31,34,35,35,25,29,32,33,31,28,40,41,31,39,30,33,29,37,30,29,31,31,35,30,41,34,28,27,31,29,33,33,28,10,28,34,23,26,29,29,38,35,31,37,39,45,36,29,37,37,34,34,33,31,42,27,34,34,36,29,30,29,31,33,39,30,40,37,31,35,34,30,30,41,29,39,27,28,29,34,36,33,42,33,30,36,29,25,26,26,31,34,33,26,32,35,29,31,27,29,27,34,35,35,33,44,30,24,30,30,42,28,31,24,31,28,28,31,23,34,32,30,33,26,30,37,29,26,32,36,30,27,35,26,38,35,36,38,30,31,28,35,33,34,26,49,29,36,28,31,29,36,35,26,28,41,32,44,31,29,28,29,31,31,30,26,40,38,32,34,33,30,44,35,35,30,28,30,29,29,29,32,26,33,30,35,28
Damage/Round,144.4,122.7,135.8,136.1,156.8,119.4,137.8,135.9,133.2,138.5,155.1,133.9,130.7,144.0,117.0,147.6,146.6,145.7,144.6,143.3,136.5,135.6,136.0,148.3,139.9,166.5,142.5,122.6,147.2,139.5,143.7,153.7,132.5,119.8,154.0,148.6,148.8,145.4,144.0,156.4,144.5,163.9,124.3,148.4,137.4,136.1,138.5,150.1,152.4,146.4,142.0,153.9,151.8,149.4,132.7,151.2,137.1,134.7,129.2,140.6,144.9,139.5,131.6,138.5,149.3,129.0,157.7,152.4,142.7,154.6,128.0,132.3,155.5,152.5,119.7,140.3,139.3,148.0,139.4,118.3,149.0,153.5,153.5,157.3,162.9,147.1,190.4,157.0,124.6,136.6,148.6,151.1,141.1,117.2,138.2,157.2,153.1,155.7,119.7,162.5,151.6,152.8,141.5,157.9,134.2,153.9,129.5,140.6,139.4,143.1,122.7,145.5,130.3,145.5,158.7,142.0,134.6,126.4,135.5,178.6,154.6,144.3,148.1,137.2,149.1,155.8,140.6,155.4,149.2,125.7,135.7,136.5,132.1,150.5,129.0,145.9,147.1,133.3,145.1,150.4,135.1,157.6,143.5,141.3,160.1,170.6,145.6,132.3,138.8,124.8,135.1,136.5,134.1,149.4,129.2,149.0,153.1,150.7,138.6,141.8,126.7,152.3,158.9,143.2,136.3,142.1,135.0,138.1,164.4,144.0,141.4,145.1,126.6,166.9,156.5,153.7,153.0,131.7,151.5,128.0,142.2,144.6,134.9,153.7,128.0,146.8,142.9,146.2,147.7,134.0,128.8,143.2,158.5,149.2,138.4,148.4,149.9,139.2,125.7,127.6,145.2,127.9,141.9,154.0,131.3,123.3,151.3,148.1,174.5,145.4,139.2,127.4,131.0,132.2,128.9,197.1,133.5,117.1,147.3,141.0,156.0,131.1,122.9,126.6,147.8,142.8,157.8,151.9,146.4,140.8,139.1,137.6,144.6,134.8,140.0,120.3,145.2,115.5,159.3,140.3,132.9,146.4,153.8,142.0,147.9,145.2,158.2,139.1,142.6,129.4,140.7,132.8,127.9,141.4,138.8,135.8,148.6,136.4,141.6,129.8,134.0,148.0,149.6,142.6,129.9,157.0,133.7,134.0,136.8,134.1,153.7,146.1,130.8,168.1,140.1,138.9,153.3,140.7,128.8,141.6,129.4,152.4,124.8,139.2,163.4,147.8,140.1,149.4,148.8,141.1,150.7,148.2,142.9,140.9,139.5,142.4,153.9,139.8,134.8,140.6,130.7,135.0,151.4,137.5,161.0,137.8,133.5,140.3,161.2,162.5,126.2,141.2,152.0,146.7,138.5,148.1,144.6,131.6,148.6,147.0,138.8,151.6,143.3,147.6,150.2,143.7,135.0,116.9,132.3,130.4,136.5,132.2,154.8,139.2,150.0,150.2,159.0,144.9,149.7,144.0,143.2,136.2,153.8,140.1,141.7,161.6,141.4,147.4,140.3,148.0,134.9,158.2,130.7,154.8,138.5,141.1,142.4,165.4,153.4,127.3,151.5,145.7,136.2,134.8,149.5,145.0,141.8,139.5,132.4,147.0,138.6,146.6,131.3,156.8,132.1,156.1,141.1,132.8,121.2,131.8,143.3,145.8,146.1,142.9,131.2,142.0,146.2,139.4,129.4,131.2,137.9,130.4,140.3,139.3,137.8,141.1,156.9,136.9,131.2,117.6,135.4,199.5,128.6,151.9,134.8,130.8,132.9,130.3,141.7,108.8,141.3,143.5,132.7,138.6,122.3,134.9,149.1,143.9,132.3,140.2,168.6,133.7,125.5,151.8,124.9,156.5,147.5,154.3,143.3,148.1,148.4,157.5,142.1,156.5,168.4,133.3,134.2,146.2,144.9,125.7,144.9,137.1,154.4,146.2,147.5,132.2,166.4,137.9,143.3,136.1,143.1,144.3,147.9,136.6,125.5,133.9,123.8,135.5,145.9,147.4,140.9,124.6,142.9,163.9,154.3,152.7,138.3,140.6,145.8,150.2,144.8,135.4,138.2,134.2,138.9,118.1,151.8,134.9
K/D Ratio,1.01,0.87,0.99,1.07,1.02,0.86,1.07,0.95,0.97,1.08,1.11,1.03,0.99,1.07,0.83,1.05,1.13,1.04,1.03,1.09,1.00,0.98,1.13,1.20,1.05,1.14,1.07,0.90,0.96,1.08,1.04,1.08,1.04,0.93,1.00,1.09,1.04,1.00,1.09,1.14,1.08,1.16,0.95,1.01,1.03,1.11,0.99,1.05,1.15,1.13,1.04,1.04,1.17,1.14,0.95,1.23,0.98,0.97,0.93,1.01,1.04,1.04,0.95,1.00,1.19,0.97,1.19,1.17,1.06,1.16,0.94,0.98,1.11,1.00,0.90,1.09,1.03,1.13,1.11,0.96,1.09,1.08,1.14,1.04,1.11,1.08,1.39,1.13,0.95,0.90,1.02,1.04,0.99,0.88,1.09,1.03,1.04,1.20,0.89,1.14,1.12,1.02,1.05,1.22,1.03,1.09,1.01,1.06,0.94,0.96,0.86,1.10,0.94,1.04,1.09,1.14,0.97,0.88,1.04,1.50,1.04,1.15,1.10,1.02,1.07,1.20,1.09,1.14,1.14,0.92,1.08,0.98,1.07,1.02,0.94,0.97,1.04,0.87,1.00,1.11,1.02,1.18,1.00,1.07,1.21,1.26,1.13,0.98,1.04,1.01,0.97,1.06,0.92,1.14,0.94,1.08,1.06,1.10,0.97,1.00,0.96,1.04,1.15,1.01,0.94,1.13,1.06,1.11,1.20,1.10,1.08,1.11,0.96,1.12,1.21,1.18,1.14,0.97,1.09,0.94,1.05,1.04,0.91,1.17,0.88,1.06,1.08,1.05,1.10,1.05,0.94,1.13,1.07,1.08,0.99,1.04,1.21,0.94,0.91,0.94,1.05,0.91,1.01,1.03,0.87,0.90,1.02,1.06,1.23,0.95,0.98,0.92,0.95,0.94,0.96,1.51,1.09,0.97,0.99,1.10,1.09,1.01,0.88,0.96,1.18,1.01,1.05,1.10,1.08,1.02,1.00,0.96,1.09,0.95,1.04,0.96,1.06,0.85,1.12,1.02,1.00,1.04,1.09,0.99,1.01,1.07,1.10,1.00,1.08,0.94,0.98,0.98,0.91,1.06,0.92,0.92,1.13,1.11,1.19,0.89,0.88,1.07,1.16,1.03,0.94,1.15,0.98,1.02,1.01,1.03,1.16,1.09,1.08,1.22,0.99,1.06,1.04,0.97,1.00,1.06,0.90,1.01,0.90,0.95,1.01,0.99,0.95,1.06,1.04,1.18,1.17,1.07,1.05,1.04,1.06,1.04,1.11,1.05,1.00,0.99,0.98,0.90,1.26,1.09,1.07,1.04,1.00,0.99,1.15,1.16,0.96,1.10,1.12,1.10,1.04,1.03,0.99,1.04,1.06,1.03,1.01,1.03,0.98,1.09,1.15,0.96,0.96,0.87,0.87,1.03,1.04,1.02,1.12,1.01,1.10,1.33,1.01,1.12,1.21,1.11,1.00,0.99,1.03,0.98,1.09,1.16,1.10,0.97,1.10,1.07,0.98,1.07,0.97,1.09,1.05,0.95,1.08,1.15,0.99,0.86,1.11,0.99,1.08,1.05,1.12,1.06,1.02,1.09,0.93,1.02,1.02,1.13,0.93,1.04,0.97,1.17,1.01,0.98,0.94,0.95,1.24,1.06,1.04,1.06,0.99,1.01,1.13,0.97,0.93,0.96,0.91,0.97,1.07,1.07,1.03,1.06,1.10,0.96,0.94,0.87,0.95,1.50,0.92,1.07,1.03,0.95,0.91,1.06,1.08,0.79,0.99,1.11,1.02,1.00,0.95,1.00,1.33,1.01,0.99,1.00,1.13,0.94,0.89,1.08,0.95,1.09,1.07,1.08,1.20,1.08,1.14,1.12,1.00,1.10,1.07,0.95,1.02,1.04,1.04,0.99,1.01,1.04,1.14,1.06,1.11,1.12,1.25,1.01,1.04,1.00,1.03,1.08,1.20,0.93,0.95,1.00,0.93,0.99,1.05,1.11,1.03,0.90,0.98,1.09,1.12,1.07,1.14,0.95,1.02,1.04,1.32,0.95,1.16,1.05,0.93,0.88,1.06,1.00
Headshot%,30.6,29.4,24.1,21.2,25.7,22.0,21.8,16.6,17.3,26.6,32.1,16.7,18.3,28.9,23.4,25.2,26.9,21.5,18.1,24.5,19.2,18.8,20.4,27.1,25.7,29.6,20.4,15.8,23.6,33.0,18.8,25.6,22.5,17.0,24.7,29.5,19.1,17.4,25.0,27.8,18.6,24.6,20.2,25.0,23.1,31.2,20.0,26.5,24.6,30.7,26.1,24.2,28.8,37.5,20.5,32.3,25.6,17.6,23.8,29.5,27.8,28.8,25.8,19.0,30.8,16.9,16.7,25.3,26.0,26.2,32.2,24.2,30.6,33.0,22.2,20.0,31.4,24.6,20.0,23.8,29.3,21.5,32.7,22.6,30.6,23.6,26.9,27.6,29.8,31.0,25.4,20.8,25.1,17.0,28.2,23.6,22.8,22.2,20.1,25.7,24.8,25.9,30.8,30.4,17.1,28.0,26.8,17.7,24.5,23.9,14.8,32.5,28.2,23.7,22.0,24.8,24.7,23.4,24.9,25.0,28.5,36.2,25.6,30.8,25.9,21.2,22.7,27.1,26.8,23.4,31.1,24.2,29.4,25.9,18.2,28.3,24.8,21.1,22.9,17.3,25.1,20.4,24.1,28.3,25.4,26.7,22.1,20.1,26.0,26.3,16.3,27.5,25.4,17.1,25.9,24.1,23.0,19.1,24.7,19.9,23.1,21.8,25.5,32.2,22.3,25.8,27.9,28.5,21.2,23.9,24.3,30.1,20.8,25.5,22.8,24.0,20.7,15.6,28.1,23.1,20.0,26.4,22.7,23.3,24.0,25.0,25.1,25.6,19.7,20.6,18.7,22.4,25.4,23.3,21.2,21.7,21.5,22.4,22.6,28.1,31.3,22.6,19.4,23.3,19.4,16.6,32.2,17.0,22.1,25.7,22.0,28.7,20.3,27.6,20.1,31.3,31.7,18.1,20.6,19.3,26.2,25.1,30.5,20.4,24.3,19.1,24.3,24.5,24.5,17.9,23.1,24.6,28.2,24.3,17.2,23.5,26.5,24.5,34.0,27.2,25.6,23.9,33.6,31.5,27.1,22.4,22.8,17.8,27.9,21.7,24.7,20.6,27.0,20.3,24.8,25.2,23.2,14.8,18.1,24.9,16.9,21.3,18.4,17.7,21.6,15.1,22.1,15.5,20.5,20.8,25.8,26.8,22.0,23.4,16.9,26.2,36.4,27.3,19.3,33.1,20.7,23.5,22.3,20.8,22.0,22.2,28.1,21.4,15.0,17.9,19.2,30.0,21.8,24.6,24.3,25.5,20.8,27.8,22.6,25.6,18.0,21.8,43.4,22.8,27.3,19.0,32.0,22.4,24.1,16.5,20.0,21.6,26.7,23.6,16.7,17.8,19.9,24.3,23.1,30.5,24.1,20.0,25.7,21.3,22.0,17.7,18.5,22.1,22.5,29.5,23.3,27.4,25.5,21.4,30.6,21.4,28.9,19.4,23.1,30.5,22.2,29.2,24.1,22.2,30.0,29.1,15.2,22.8,23.0,23.7,19.7,26.8,31.8,20.3,19.4,23.3,29.8,23.0,23.0,15.8,25.3,28.7,23.2,20.8,27.0,24.9,27.7,24.7,33.4,25.2,28.8,20.9,12.6,28.9,22.3,21.3,26.9,28.7,16.4,20.1,18.1,36.7,21.0,23.2,23.7,25.1,18.8,20.2,14.1,30.6,16.8,26.9,26.9,19.0,15.5,24.4,22.2,22.1,15.2,22.5,20.0,24.1,24.8,32.6,25.3,21.7,21.4,22.5,23.2,18.7,22.8,20.0,19.1,25.5,19.1,18.5,27.0,21.3,18.6,19.7,30.0,23.0,27.9,25.3,23.0,20.8,28.7,26.5,23.2,28.5,21.2,24.6,18.6,25.2,18.7,22.1,28.9,20.5,24.2,36.3,19.1,29.1,26.5,13.9,17.7,24.4,18.3,16.8,20.9,26.6,25.9,20.6,23.2,24.7,27.1,26.1,23.0,31.0,22.9,36.4,21.2,26.6,20.4,27.7,20.1,36.5,24.9,18.0,14.9,17.7,21.6,19.3,21.5,26.9,24.7,31.6,29.7,29.6
Win %,43.7,50.0,53.6,52.7,54.2,52.6,52.8,48.5,54.3,52.1,53.0,53.4,50.0,51.7,55.3,52.4,52.1,51.0,53.2,55.3,57.0,56.0,50.0,52.0,50.9,45.6,47.2,50.6,49.8,48.9,50.0,52.2,56.3,57.6,51.1,48.7,51.0,52.8,53.1,53.3,48.5,61.3,62.3,53.6,58.2,54.1,56.8,49.6,51.7,50.0,48.3,53.8,54.8,48.8,44.1,48.7,50.6,53.4,47.6,50.4,55.1,51.5,48.0,54.6,54.1,51.9,69.6,61.8,49.4,53.9,50.7,54.4,59.4,52.0,53.9,54.3,51.6,70.3,50.3,53.4,60.9,54.4,56.4,50.1,53.5,57.0,66.4,52.4,47.6,42.2,45.1,45.6,52.4,54.4,48.6,50.5,47.8,53.1,52.1,50.4,51.8,53.9,50.5,60.3,53.8,52.8,51.5,48.4,53.0,50.0,55.3,55.0,55.2,54.6,46.0,53.5,51.9,65.8,48.0,72.5,46.8,45.8,56.8,50.9,44.8,59.4,46.8,52.0,54.2,50.0,50.5,48.8,50.5,48.5,48.6,51.4,54.4,46.8,50.9,58.0,49.8,54.9,54.7,54.2,52.6,62.5,56.4,57.5,49.7,55.5,53.0,56.9,47.6,50.0,52.1,50.0,50.4,54.1,55.0,52.6,51.5,53.9,55.0,45.8,54.8,56.2,53.7,53.8,56.9,54.7,55.4,61.5,43.4,48.0,53.7,55.8,50.3,47.4,51.6,63.0,56.7,53.6,48.9,46.1,50.0,55.6,49.6,59.0,51.6,53.6,51.6,49.7,51.7,53.6,51.5,51.8,61.8,50.9,50.5,53.2,46.4,50.0,53.0,52.5,50.4,57.4,53.8,55.1,64.6,49.4,48.1,50.0,48.7,49.4,56.9,60.9,52.9,51.8,52.2,54.3,50.2,52.8,46.5,52.5,54.8,52.7,51.5,56.7,52.6,52.3,51.8,55.7,59.6,49.3,53.9,50.0,43.1,48.8,45.7,47.6,48.0,52.3,51.5,53.5,42.5,47.5,50.9,49.8,52.7,51.3,55.6,51.5,52.7,50.7,51.1,49.2,54.9,52.3,52.9,52.3,57.4,57.5,54.1,54.1,58.1,55.0,52.2,53.1,49.0,53.2,62.0,53.2,54.7,58.8,49.2,54.0,50.4,53.1,53.3,54.7,49.5,52.6,54.7,50.3,47.0,50.8,50.7,54.8,56.6,68.5,53.9,54.1,52.0,52.0,51.7,41.0,53.2,46.1,50.9,52.9,45.1,54.3,50.0,55.1,54.3,56.6,47.9,51.4,53.4,55.6,54.2,55.0,53.9,48.6,52.9,48.0,49.0,53.8,54.9,52.8,55.5,51.4,50.8,55.5,52.6,54.4,51.5,42.5,53.6,47.6,52.2,44.1,48.1,47.5,53.6,55.0,45.5,48.5,53.9,54.8,49.6,50.0,47.4,52.0,56.2,45.7,52.6,50.8,47.1,59.4,54.0,52.7,55.3,52.8,49.5,50.6,50.6,51.0,51.2,54.2,55.1,54.3,50.5,53.1,53.9,57.3,49.4,53.2,45.6,48.0,47.8,50.5,47.0,53.6,50.5,52.7,46.9,52.6,56.8,51.5,68.4,50.8,52.1,50.3,54.3,52.6,55.8,50.4,48.2,54.1,48.2,48.6,54.4,52.1,55.8,57.6,52.4,54.1,50.0,45.4,54.5,59.5,50.0,53.5,63.0,49.0,52.4,49.0,50.8,54.2,50.5,52.2,53.8,53.1,54.0,58.6,60.7,56.2,53.0,58.6,54.8,52.4,48.3,50.5,53.0,60.0,60.6,55.9,55.2,58.2,55.8,53.2,55.7,51.4,54.1,53.3,44.1,45.5,53.1,48.6,46.3,64.6,60.0,50.6,60.0,53.6,47.8,58.3,49.1,50.7,56.5,50.8,53.4,49.2,54.3,49.2,54.5,49.1,45.2,50.8,51.8,53.2,50.6,52.6,53.0,46.1,56.0,48.6,49.0,54.0,50.5,47.1,52.7,55.4,48.2,49.8,46.8,52.9
Top Agent,Jett,Reyna,Jett,Sova,Jett,Sage,Chamber,Jett,Sova,Chamber,Jett,Astra,Astra,Jett,Omen,Jett,Jett,KAY/O,Jett,Jett,Chamber,Reyna,Sova,Viper,Viper,Jett,Sova,Sova,Jett,Sova,Chamber,Viper,Sova,Sage,Reyna,Chamber,Jett,Sova,Astra,Chamber,Viper,Sova,Astra,Reyna,Reyna,Astra,Jett,Reyna,Jett,Chamber,Reyna,Jett,Chamber,Astra,Jett,Astra,Sova,Chamber,Sova,Jett,Reyna,Reyna,Astra,Sova,Viper,Sova,Reyna,Reyna,Chamber,Viper,Sova,Cypher,Jett,Jett,Astra,Viper,Sova,Sova,Chamber,Chamber,Jett,Chamber,Jett,Sova,Reyna,Reyna,Jett,Jett,Astra,Sage,Reyna,Jett,Jett,Astra,Astra,Jett,Jett,Jett,Viper,Reyna,Jett,Raze,Reyna,Chamber,Sova,Reyna,Skye,Chamber,Jett,Astra,Killjoy,Jett,Omen,Chamber,Jett,Chamber,Jett,Jett,Sova,Jett,Neon,Chamber,Reyna,Sova,Neon,Reyna,Viper,Jett,Reyna,Jett,Cypher,Sova,Astra,Jett,Reyna,Reyna,Jett,Sova,Jett,Omen,Jett,Chamber,Reyna,Reyna,Neon,Jett,Chamber,Viper,Jett,Viper,Reyna,Sova,Sova,Sova,Omen,Reyna,Jett,Jett,Omen,Jett,Chamber,Jett,Chamber,Jett,Jett,Skye,Sova,KAY/O,Raze,Jett,Jett,Viper,Astra,Jett,Jett,Raze,Jett,KAY/O,Reyna,Skye,Reyna,Sova,Jett,Astra,Sova,Chamber,Raze,Jett,Astra,Sova,Jett,Jett,Jett,Jett,Jett,Astra,Sova,Astra,Sova,Reyna,Jett,Astra,Sova,Jett,Chamber,Sage,Reyna,Reyna,Neon,Reyna,Reyna,Sage,Jett,Jett,Jett,Cypher,Astra,Astra,Jett,Sova,Jett,Astra,Sova,Killjoy,Reyna,Reyna,Neon,Reyna,Reyna,Sova,Jett,Sova,Sova,Sage,Reyna,Astra,Astra,Sage,Reyna,Skye,Jett,Sova,Jett,KAY/O,Reyna,Jett,Reyna,Neon,Omen,Omen,Reyna,Omen,Astra,Chamber,Jett,Brimstone,Reyna,Jett,Jett,Chamber,Raze,Jett,Astra,Raze,Sova,Jett,Reyna,Omen,Chamber,Astra,Chamber,Jett,Astra,Reyna,Chamber,Astra,Skye,Skye,Chamber,Viper,Sova,Jett,Astra,Sova,Reyna,Cypher,Jett,Reyna,Raze,Chamber,Reyna,Chamber,Chamber,Jett,Omen,Sova,Chamber,Reyna,Astra,Jett,Viper,Jett,Chamber,Astra,Jett,Omen,Sova,Jett,Jett,Raze,Chamber,Astra,Jett,Chamber,Jett,Sova,Reyna,Viper,Reyna,Reyna,Skye,Reyna,Reyna,Reyna,Chamber,Jett,Astra,Sova,Sova,Astra,Viper,Jett,Chamber,KAY/O,Sova,Chamber,Raze,Sova,Reyna,Jett,Reyna,Reyna,Jett,Viper,Skye,Jett,Jett,Jett,Reyna,Reyna,Chamber,Reyna,Astra,Jett,Chamber,Jett,Cypher,Reyna,Reyna,Chamber,Jett,Reyna,Astra,Viper,Sova,Jett,Reyna,Chamber,Reyna,Reyna,Chamber,Reyna,Raze,Jett,Chamber,Chamber,Jett,Jett,Chamber,Sova,Sage,Reyna,Reyna,Chamber,Astra,Reyna,Skye,Sova,Viper,Viper,Jett,Sova,Chamber,Chamber,Jett,Omen,Jett,Viper,KAY/O,Sova,Jett,Jett,Chamber,Chamber,Omen,Reyna,Sova,Viper,Jett,Sage,Sova,Chamber,Raze,Jett,Astra,Skye,Chamber,Sova,Cypher,Raze,Jett,Sova,Chamber,Reyna,Sova,Jett,Brimstone,Jett,Chamber,Sage,Jett,Jett,Chamber,Reyna,Neon,Sova,Sova,Chamber,Jett,Sova,Astra,Jett,Chamber,Jett,Chamber,Chamber,Reyna,Chamber,Jett,Jett,Jett,Sova,Chamber,Sova,Sage,Astra,Sage,Chamber,Jett,Jett,Raze,Jett,Jett,Reyna,Jett,Astra,Sova,Sova,Neon,Reyna,Astra,Sova,Sova,Chamber,Jett,Astra,Jett,Reyna
Top Weapon,Vandal,Vandal,Vandal,Phantom,Vandal,Phantom,Vandal,Vandal,Vandal,Vandal,Vandal,Vandal,Vandal,Vandal,Phantom,Vandal,Vandal,Vandal,Vandal,Vandal,Phantom,Vandal,Vandal,Vandal,Vandal,Vandal,Phantom,Vandal,Vandal,Vandal,Vandal,Vandal,Vandal,Vandal,Vandal,Phantom,Vandal,Vandal,Vandal,Vandal,Vandal,Vandal,Vandal,Vandal,Vandal,Vandal,Vandal,Vandal,Vandal,Vandal,Vandal,Vandal,Phantom,Phantom,Vandal,Vandal,Vandal,Vandal,Phantom,Vandal,Vandal,Vandal,Vandal,Phantom,Vandal,Vandal,Vandal,Vandal,Vandal,Vandal,Vandal,Vandal,Vandal,Vandal,Vandal,Vandal,Phantom,Vandal,Vandal,Phantom,Vandal,Vandal,Vandal,Vandal,Vandal,Vandal,Vandal,Vandal,Vandal,Vandal,Vandal,Vandal,Vandal,Phantom,Vandal,Vandal,Vandal,Vandal,Phantom,Vandal,Phantom,Vandal,Vandal,Vandal,Vandal,Vandal,Vandal,Vandal,Vandal,Vandal,Phantom,Vandal,Phantom,Vandal,Vandal,Vandal,Vandal,Vandal,Vandal,Vandal,Vandal,Vandal,Vandal,Vandal,Vandal,Vandal,Vandal,Vandal,Vandal,Vandal,Vandal,Vandal,Vandal,Vandal,Vandal,Vandal,Vandal,Vandal,Vandal,Vandal,Vandal,Vandal,Vandal,Vandal,Vandal,Vandal,Vandal,Vandal,Vandal,Phantom,Vandal,Vandal,Vandal,Phantom,Vandal,Vandal,Vandal,Vandal,Vandal,Vandal,Vandal,Vandal,Vandal,Vandal,Vandal,Vandal,Vandal,Vandal,Vandal,Vandal,Vandal,Vandal,Vandal,Vandal,Vandal,Vandal,Vandal,Phantom,Vandal,Phantom,Vandal,Vandal,Vandal,Vandal,Vandal,Vandal,Vandal,Vandal,Vandal,Vandal,Vandal,Vandal,Vandal,Vandal,Vandal,Vandal,Vandal,Vandal,Vandal,Vandal,Vandal,Vandal,Vandal,Vandal,Vandal,Vandal,Vandal,Vandal,Vandal,Vandal,Vandal,Vandal,Vandal,Vandal,Vandal,Vandal,Vandal,Phantom,Vandal,Vandal,Vandal,Vandal,Vandal,Vandal,Vandal,Vandal,Vandal,Vandal,Vandal,Vandal,Vandal,Phantom,Vandal,Vandal,Vandal,Vandal,Vandal,Vandal,Vandal,Vandal,Vandal,Vandal,Vandal,Vandal,Vandal,Vandal,Vandal,Vandal,Vandal,Vandal,Vandal,Vandal,Vandal,Vandal,Vandal,Phantom,Vandal,Operator,Operator,Vandal,Vandal,Vandal,Vandal,Phantom,Vandal,Vandal,Vandal,Vandal,Phantom,Vandal,Vandal,Vandal,Vandal,Vandal,Vandal,Vandal,Vandal,Phantom,Vandal,Vandal,Vandal,Vandal,Phantom,Vandal,Vandal,Vandal,Vandal,Vandal,Phantom,Vandal,Vandal,Vandal,Vandal,Vandal,Vandal,Phantom,Vandal,Vandal,Vandal,Vandal,Vandal,Vandal,Vandal,Vandal,Vandal,Vandal,Vandal,Vandal,Vandal,Vandal,Vandal,Vandal,Vandal,Vandal,Vandal,Phantom,Vandal,Vandal,Vandal,Vandal,Vandal,Vandal,Vandal,Vandal,Sheriff,Vandal,Phantom,Vandal,Vandal,Vandal,Vandal,Vandal,Vandal,Vandal,Vandal,Phantom,Vandal,Vandal,Vandal,Vandal,Vandal,Vandal,Vandal,Vandal,Phantom,Vandal,Vandal,Vandal,Vandal,Vandal,Phantom,Vandal,Vandal,Vandal,Vandal,Vandal,Vandal,Vandal,Vandal,Vandal,Vandal,Vandal,Phantom,Vandal,Vandal,Vandal,Vandal,Vandal,Vandal,Vandal,Vandal,Vandal,Judge,Phantom,Vandal,Vandal,Vandal,Vandal,Vandal,Vandal,Vandal,Vandal,Vandal,Vandal,Vandal,Phantom,Vandal,Vandal,Phantom,Vandal,Vandal,Vandal,Vandal,Vandal,Ares,Vandal,Vandal,Phantom,Phantom,Phantom,Vandal,Vandal,Vandal,Phantom,Vandal,Vandal,Phantom,Phantom,Vandal,Vandal,Vandal,Vandal,Phantom,Vandal,Vandal,Vandal,Vandal,Phantom,Vandal,Vandal,Vandal,Vandal,Vandal,Vandal,Vandal,Phantom,Phantom,Vandal,Vandal,Vandal,Vandal,Vandal,Vandal,Vandal,Vandal,Vandal,Vandal,Vandal,Phantom,Vandal,Vandal,Vandal,Vandal,Vandal,Vandal,Vandal,Vandal,Vandal,Vandal,Vandal,Vandal,Vandal,Phantom,Vandal,Vandal,Phantom,Vandal,Vandal,Vandal,Vandal,Vandal,Vandal,Vandal,Vandal,Vandal,Vandal,Phantom,Phantom,Phantom,Vandal,Phantom,Phantom,Vandal,Vandal,Vandal,Phantom,Vandal,Vandal
